./img_align_celeba/000001.jpg,8
./img_align_celeba/000002.jpg,9
./img_align_celeba/000003.jpg,6
./img_align_celeba/000004.jpg,6
./img_align_celeba/000005.jpg,6
./img_align_celeba/000006.jpg,4
./img_align_celeba/000007.jpg,5
./img_align_celeba/000008.jpg,3
./img_align_celeba/000009.jpg,6
./img_align_celeba/000010.jpg,6
./img_align_celeba/000011.jpg,4
./img_align_celeba/000012.jpg,4
./img_align_celeba/000013.jpg,3
./img_align_celeba/000014.jpg,4
./img_align_celeba/000015.jpg,3
./img_align_celeba/000016.jpg,5
./img_align_celeba/000017.jpg,5
./img_align_celeba/000018.jpg,6
./img_align_celeba/000019.jpg,7
./img_align_celeba/000020.jpg,4
./img_align_celeba/000021.jpg,3
./img_align_celeba/000022.jpg,4
./img_align_celeba/000023.jpg,5
./img_align_celeba/000024.jpg,9
./img_align_celeba/000025.jpg,6
./img_align_celeba/000026.jpg,9
./img_align_celeba/000027.jpg,7
./img_align_celeba/000028.jpg,7
./img_align_celeba/000029.jpg,9
./img_align_celeba/000030.jpg,5
./img_align_celeba/000031.jpg,6
./img_align_celeba/000032.jpg,3
./img_align_celeba/000033.jpg,5
./img_align_celeba/000034.jpg,8
./img_align_celeba/000035.jpg,9
./img_align_celeba/000036.jpg,4
./img_align_celeba/000037.jpg,3
./img_align_celeba/000038.jpg,4
./img_align_celeba/000039.jpg,8
./img_align_celeba/000040.jpg,7
./img_align_celeba/000041.jpg,6
./img_align_celeba/000042.jpg,9
./img_align_celeba/000043.jpg,8
./img_align_celeba/000044.jpg,6
./img_align_celeba/000045.jpg,7
./img_align_celeba/000046.jpg,5
./img_align_celeba/000047.jpg,5
./img_align_celeba/000048.jpg,4
./img_align_celeba/000049.jpg,2
./img_align_celeba/000050.jpg,3
./img_align_celeba/000051.jpg,1
./img_align_celeba/000052.jpg,3
./img_align_celeba/000053.jpg,4
./img_align_celeba/000054.jpg,8
./img_align_celeba/000055.jpg,5
./img_align_celeba/000056.jpg,6
./img_align_celeba/000057.jpg,8
./img_align_celeba/000058.jpg,7
./img_align_celeba/000059.jpg,6
./img_align_celeba/000060.jpg,2
./img_align_celeba/000061.jpg,3
./img_align_celeba/000062.jpg,6
./img_align_celeba/000063.jpg,7
./img_align_celeba/000064.jpg,2
./img_align_celeba/000065.jpg,4
./img_align_celeba/000066.jpg,6
./img_align_celeba/000067.jpg,2
./img_align_celeba/000068.jpg,2
./img_align_celeba/000069.jpg,5
./img_align_celeba/000070.jpg,5
./img_align_celeba/000071.jpg,7
./img_align_celeba/000072.jpg,1
./img_align_celeba/000073.jpg,8
./img_align_celeba/000074.jpg,7
./img_align_celeba/000075.jpg,6
./img_align_celeba/000076.jpg,3
./img_align_celeba/000077.jpg,7
./img_align_celeba/000078.jpg,8
./img_align_celeba/000079.jpg,3
./img_align_celeba/000080.jpg,6
./img_align_celeba/000081.jpg,6
./img_align_celeba/000082.jpg,6
./img_align_celeba/000083.jpg,8
./img_align_celeba/000084.jpg,3
./img_align_celeba/000085.jpg,5
./img_align_celeba/000086.jpg,6
./img_align_celeba/000087.jpg,6
./img_align_celeba/000088.jpg,5
./img_align_celeba/000089.jpg,7
./img_align_celeba/000090.jpg,3
./img_align_celeba/000091.jpg,3
./img_align_celeba/000092.jpg,7
./img_align_celeba/000093.jpg,6
./img_align_celeba/000094.jpg,5
./img_align_celeba/000095.jpg,4
./img_align_celeba/000096.jpg,5
./img_align_celeba/000097.jpg,8
./img_align_celeba/000098.jpg,9
./img_align_celeba/000099.jpg,6
./img_align_celeba/000100.jpg,7
./img_align_celeba/000101.jpg,7
./img_align_celeba/000102.jpg,3
./img_align_celeba/000103.jpg,9
./img_align_celeba/000104.jpg,5
./img_align_celeba/000105.jpg,6
./img_align_celeba/000106.jpg,8
./img_align_celeba/000107.jpg,7
./img_align_celeba/000108.jpg,8
./img_align_celeba/000109.jpg,4
./img_align_celeba/000110.jpg,6
./img_align_celeba/000111.jpg,6
./img_align_celeba/000112.jpg,8
./img_align_celeba/000113.jpg,3
./img_align_celeba/000114.jpg,5
./img_align_celeba/000115.jpg,4
./img_align_celeba/000116.jpg,6
./img_align_celeba/000117.jpg,8
./img_align_celeba/000118.jpg,7
./img_align_celeba/000119.jpg,4
./img_align_celeba/000120.jpg,1
./img_align_celeba/000121.jpg,8
./img_align_celeba/000122.jpg,5
./img_align_celeba/000123.jpg,6
./img_align_celeba/000124.jpg,8
./img_align_celeba/000125.jpg,3
./img_align_celeba/000126.jpg,8
./img_align_celeba/000127.jpg,2
./img_align_celeba/000128.jpg,3
./img_align_celeba/000129.jpg,5
./img_align_celeba/000130.jpg,5
./img_align_celeba/000131.jpg,6
./img_align_celeba/000132.jpg,7
./img_align_celeba/000133.jpg,8
./img_align_celeba/000134.jpg,3
./img_align_celeba/000135.jpg,5
./img_align_celeba/000136.jpg,6
./img_align_celeba/000137.jpg,4
./img_align_celeba/000138.jpg,5
./img_align_celeba/000139.jpg,7
./img_align_celeba/000140.jpg,8
./img_align_celeba/000141.jpg,8
./img_align_celeba/000142.jpg,7
./img_align_celeba/000143.jpg,5
./img_align_celeba/000144.jpg,3
./img_align_celeba/000145.jpg,5
./img_align_celeba/000146.jpg,6
./img_align_celeba/000147.jpg,5
./img_align_celeba/000148.jpg,6
./img_align_celeba/000149.jpg,4
./img_align_celeba/000150.jpg,3
./img_align_celeba/000151.jpg,8
./img_align_celeba/000152.jpg,3
./img_align_celeba/000153.jpg,5
./img_align_celeba/000154.jpg,6
./img_align_celeba/000155.jpg,9
./img_align_celeba/000156.jpg,7
./img_align_celeba/000157.jpg,6
./img_align_celeba/000158.jpg,3
./img_align_celeba/000159.jpg,6
./img_align_celeba/000160.jpg,4
./img_align_celeba/000161.jpg,6
./img_align_celeba/000162.jpg,6
./img_align_celeba/000163.jpg,7
./img_align_celeba/000164.jpg,4
./img_align_celeba/000165.jpg,6
./img_align_celeba/000166.jpg,3
./img_align_celeba/000167.jpg,7
./img_align_celeba/000168.jpg,7
./img_align_celeba/000169.jpg,3
./img_align_celeba/000170.jpg,5
./img_align_celeba/000171.jpg,4
./img_align_celeba/000172.jpg,5
./img_align_celeba/000173.jpg,5
./img_align_celeba/000174.jpg,4
./img_align_celeba/000175.jpg,6
./img_align_celeba/000176.jpg,4
./img_align_celeba/000177.jpg,8
./img_align_celeba/000178.jpg,8
./img_align_celeba/000179.jpg,7
./img_align_celeba/000180.jpg,6
./img_align_celeba/000181.jpg,4
./img_align_celeba/000182.jpg,2
./img_align_celeba/000183.jpg,6
./img_align_celeba/000184.jpg,6
./img_align_celeba/000185.jpg,7
./img_align_celeba/000186.jpg,6
./img_align_celeba/000187.jpg,3
./img_align_celeba/000188.jpg,2
./img_align_celeba/000189.jpg,6
./img_align_celeba/000190.jpg,7
./img_align_celeba/000191.jpg,8
./img_align_celeba/000192.jpg,7
./img_align_celeba/000193.jpg,2
./img_align_celeba/000194.jpg,2
./img_align_celeba/000195.jpg,1
./img_align_celeba/000196.jpg,1
./img_align_celeba/000197.jpg,6
./img_align_celeba/000198.jpg,6
./img_align_celeba/000199.jpg,2
./img_align_celeba/000200.jpg,6
./img_align_celeba/000201.jpg,8
./img_align_celeba/000202.jpg,3
./img_align_celeba/000203.jpg,6
./img_align_celeba/000204.jpg,6
./img_align_celeba/000205.jpg,5
./img_align_celeba/000206.jpg,6
./img_align_celeba/000207.jpg,7
./img_align_celeba/000208.jpg,7
./img_align_celeba/000209.jpg,3
./img_align_celeba/000210.jpg,2
./img_align_celeba/000211.jpg,7
./img_align_celeba/000212.jpg,5
./img_align_celeba/000213.jpg,5
./img_align_celeba/000214.jpg,6
./img_align_celeba/000215.jpg,6
./img_align_celeba/000216.jpg,6
./img_align_celeba/000217.jpg,7
./img_align_celeba/000218.jpg,5
./img_align_celeba/000219.jpg,7
./img_align_celeba/000220.jpg,6
./img_align_celeba/000221.jpg,3
./img_align_celeba/000222.jpg,7
./img_align_celeba/000223.jpg,2
./img_align_celeba/000224.jpg,3
./img_align_celeba/000225.jpg,7
./img_align_celeba/000226.jpg,3
./img_align_celeba/000227.jpg,6
./img_align_celeba/000228.jpg,5
./img_align_celeba/000229.jpg,5
./img_align_celeba/000230.jpg,6
./img_align_celeba/000231.jpg,6
./img_align_celeba/000232.jpg,7
./img_align_celeba/000233.jpg,6
./img_align_celeba/000234.jpg,3
./img_align_celeba/000235.jpg,7
./img_align_celeba/000236.jpg,6
./img_align_celeba/000237.jpg,2
./img_align_celeba/000238.jpg,6
./img_align_celeba/000239.jpg,7
./img_align_celeba/000240.jpg,7
./img_align_celeba/000241.jpg,6
./img_align_celeba/000242.jpg,6
./img_align_celeba/000243.jpg,7
./img_align_celeba/000244.jpg,3
./img_align_celeba/000245.jpg,4
./img_align_celeba/000246.jpg,7
./img_align_celeba/000247.jpg,8
./img_align_celeba/000248.jpg,1
./img_align_celeba/000249.jpg,5
./img_align_celeba/000250.jpg,1
./img_align_celeba/000251.jpg,6
./img_align_celeba/000252.jpg,5
./img_align_celeba/000253.jpg,1
./img_align_celeba/000254.jpg,6
./img_align_celeba/000255.jpg,6
./img_align_celeba/000256.jpg,6
./img_align_celeba/000257.jpg,7
./img_align_celeba/000258.jpg,7
./img_align_celeba/000259.jpg,7
./img_align_celeba/000260.jpg,6
./img_align_celeba/000261.jpg,7
./img_align_celeba/000262.jpg,8
./img_align_celeba/000263.jpg,7
./img_align_celeba/000264.jpg,1
./img_align_celeba/000265.jpg,4
./img_align_celeba/000266.jpg,2
./img_align_celeba/000267.jpg,6
./img_align_celeba/000268.jpg,6
./img_align_celeba/000269.jpg,6
./img_align_celeba/000270.jpg,7
./img_align_celeba/000271.jpg,3
./img_align_celeba/000272.jpg,5
./img_align_celeba/000273.jpg,5
./img_align_celeba/000274.jpg,1
./img_align_celeba/000275.jpg,5
./img_align_celeba/000276.jpg,3
./img_align_celeba/000277.jpg,4
./img_align_celeba/000278.jpg,8
./img_align_celeba/000279.jpg,7
./img_align_celeba/000280.jpg,6
./img_align_celeba/000281.jpg,4
./img_align_celeba/000282.jpg,3
./img_align_celeba/000283.jpg,2
./img_align_celeba/000284.jpg,1
./img_align_celeba/000285.jpg,6
./img_align_celeba/000286.jpg,5
./img_align_celeba/000287.jpg,7
./img_align_celeba/000288.jpg,6
./img_align_celeba/000289.jpg,8
./img_align_celeba/000290.jpg,7
./img_align_celeba/000291.jpg,6
./img_align_celeba/000292.jpg,6
./img_align_celeba/000293.jpg,5
./img_align_celeba/000294.jpg,5
./img_align_celeba/000295.jpg,4
./img_align_celeba/000296.jpg,7
./img_align_celeba/000297.jpg,5
./img_align_celeba/000298.jpg,5
./img_align_celeba/000299.jpg,3
./img_align_celeba/000300.jpg,4
./img_align_celeba/000301.jpg,5
./img_align_celeba/000302.jpg,5
./img_align_celeba/000303.jpg,6
./img_align_celeba/000304.jpg,7
./img_align_celeba/000305.jpg,7
./img_align_celeba/000306.jpg,4
./img_align_celeba/000307.jpg,6
./img_align_celeba/000308.jpg,7
./img_align_celeba/000309.jpg,6
./img_align_celeba/000310.jpg,3
./img_align_celeba/000311.jpg,4
./img_align_celeba/000312.jpg,5
./img_align_celeba/000313.jpg,3
./img_align_celeba/000314.jpg,3
./img_align_celeba/000315.jpg,5
./img_align_celeba/000316.jpg,1
./img_align_celeba/000317.jpg,6
./img_align_celeba/000318.jpg,1
./img_align_celeba/000319.jpg,5
./img_align_celeba/000320.jpg,7
./img_align_celeba/000321.jpg,4
./img_align_celeba/000322.jpg,7
./img_align_celeba/000323.jpg,8
./img_align_celeba/000324.jpg,5
./img_align_celeba/000325.jpg,6
./img_align_celeba/000326.jpg,8
./img_align_celeba/000327.jpg,6
./img_align_celeba/000328.jpg,7
./img_align_celeba/000329.jpg,5
./img_align_celeba/000330.jpg,3
./img_align_celeba/000331.jpg,6
./img_align_celeba/000332.jpg,5
./img_align_celeba/000333.jpg,6
./img_align_celeba/000334.jpg,7
./img_align_celeba/000335.jpg,5
./img_align_celeba/000336.jpg,6
./img_align_celeba/000337.jpg,7
./img_align_celeba/000338.jpg,6
./img_align_celeba/000339.jpg,4
./img_align_celeba/000340.jpg,3
./img_align_celeba/000341.jpg,6
./img_align_celeba/000342.jpg,7
./img_align_celeba/000343.jpg,5
./img_align_celeba/000344.jpg,6
./img_align_celeba/000345.jpg,7
./img_align_celeba/000346.jpg,3
./img_align_celeba/000347.jpg,6
./img_align_celeba/000348.jpg,7
./img_align_celeba/000349.jpg,5
./img_align_celeba/000350.jpg,4
./img_align_celeba/000351.jpg,5
./img_align_celeba/000352.jpg,6
./img_align_celeba/000353.jpg,7
./img_align_celeba/000354.jpg,7
./img_align_celeba/000355.jpg,5
./img_align_celeba/000356.jpg,7
./img_align_celeba/000357.jpg,6
./img_align_celeba/000358.jpg,2
./img_align_celeba/000359.jpg,3
./img_align_celeba/000360.jpg,3
./img_align_celeba/000361.jpg,6
./img_align_celeba/000362.jpg,5
./img_align_celeba/000363.jpg,6
./img_align_celeba/000364.jpg,7
./img_align_celeba/000365.jpg,6
./img_align_celeba/000366.jpg,5
./img_align_celeba/000367.jpg,5
./img_align_celeba/000368.jpg,6
./img_align_celeba/000369.jpg,4
./img_align_celeba/000370.jpg,4
./img_align_celeba/000371.jpg,7
./img_align_celeba/000372.jpg,8
./img_align_celeba/000373.jpg,6
./img_align_celeba/000374.jpg,7
./img_align_celeba/000375.jpg,4
./img_align_celeba/000376.jpg,5
./img_align_celeba/000377.jpg,6
./img_align_celeba/000378.jpg,4
./img_align_celeba/000379.jpg,6
./img_align_celeba/000380.jpg,5
./img_align_celeba/000381.jpg,5
./img_align_celeba/000382.jpg,6
./img_align_celeba/000383.jpg,5
./img_align_celeba/000384.jpg,6
./img_align_celeba/000385.jpg,4
./img_align_celeba/000386.jpg,2
./img_align_celeba/000387.jpg,7
./img_align_celeba/000388.jpg,6
./img_align_celeba/000389.jpg,5
./img_align_celeba/000390.jpg,3
./img_align_celeba/000391.jpg,4
./img_align_celeba/000392.jpg,7
./img_align_celeba/000393.jpg,4
./img_align_celeba/000394.jpg,7
./img_align_celeba/000395.jpg,8
./img_align_celeba/000396.jpg,6
./img_align_celeba/000397.jpg,7
./img_align_celeba/000398.jpg,5
./img_align_celeba/000399.jpg,6
./img_align_celeba/000400.jpg,4
./img_align_celeba/000401.jpg,6
./img_align_celeba/000402.jpg,1
./img_align_celeba/000403.jpg,3
./img_align_celeba/000404.jpg,8
./img_align_celeba/000405.jpg,5
./img_align_celeba/000406.jpg,6
./img_align_celeba/000407.jpg,7
./img_align_celeba/000408.jpg,4
./img_align_celeba/000409.jpg,4
./img_align_celeba/000410.jpg,5
./img_align_celeba/000411.jpg,6
./img_align_celeba/000412.jpg,7
./img_align_celeba/000413.jpg,4
./img_align_celeba/000414.jpg,5
./img_align_celeba/000415.jpg,6
./img_align_celeba/000416.jpg,7
./img_align_celeba/000417.jpg,3
./img_align_celeba/000418.jpg,2
./img_align_celeba/000419.jpg,7
./img_align_celeba/000420.jpg,4
./img_align_celeba/000421.jpg,6
./img_align_celeba/000422.jpg,7
./img_align_celeba/000423.jpg,5
./img_align_celeba/000424.jpg,2
./img_align_celeba/000425.jpg,2
./img_align_celeba/000426.jpg,6
./img_align_celeba/000427.jpg,3
./img_align_celeba/000428.jpg,4
./img_align_celeba/000429.jpg,7
./img_align_celeba/000430.jpg,6
./img_align_celeba/000431.jpg,5
./img_align_celeba/000432.jpg,7
./img_align_celeba/000433.jpg,2
./img_align_celeba/000434.jpg,5
./img_align_celeba/000435.jpg,6
./img_align_celeba/000436.jpg,7
./img_align_celeba/000437.jpg,2
./img_align_celeba/000438.jpg,1
./img_align_celeba/000439.jpg,3
./img_align_celeba/000440.jpg,3
./img_align_celeba/000441.jpg,5
./img_align_celeba/000442.jpg,6
./img_align_celeba/000443.jpg,3
./img_align_celeba/000444.jpg,3
./img_align_celeba/000445.jpg,5
./img_align_celeba/000446.jpg,6
./img_align_celeba/000447.jpg,4
./img_align_celeba/000448.jpg,2
./img_align_celeba/000449.jpg,2
./img_align_celeba/000450.jpg,2
./img_align_celeba/000451.jpg,8
./img_align_celeba/000452.jpg,4
./img_align_celeba/000453.jpg,3
./img_align_celeba/000454.jpg,6
./img_align_celeba/000455.jpg,5
./img_align_celeba/000456.jpg,6
./img_align_celeba/000457.jpg,7
./img_align_celeba/000458.jpg,3
./img_align_celeba/000459.jpg,6
./img_align_celeba/000460.jpg,3
./img_align_celeba/000461.jpg,3
./img_align_celeba/000462.jpg,4
./img_align_celeba/000463.jpg,7
./img_align_celeba/000464.jpg,8
./img_align_celeba/000465.jpg,3
./img_align_celeba/000466.jpg,5
./img_align_celeba/000467.jpg,4
./img_align_celeba/000468.jpg,8
./img_align_celeba/000469.jpg,8
./img_align_celeba/000470.jpg,3
./img_align_celeba/000471.jpg,8
./img_align_celeba/000472.jpg,7
./img_align_celeba/000473.jpg,4
./img_align_celeba/000474.jpg,5
./img_align_celeba/000475.jpg,6
./img_align_celeba/000476.jpg,6
./img_align_celeba/000477.jpg,4
./img_align_celeba/000478.jpg,7
./img_align_celeba/000479.jpg,5
./img_align_celeba/000480.jpg,8
./img_align_celeba/000481.jpg,7
./img_align_celeba/000482.jpg,5
./img_align_celeba/000483.jpg,6
./img_align_celeba/000484.jpg,7
./img_align_celeba/000485.jpg,8
./img_align_celeba/000486.jpg,6
./img_align_celeba/000487.jpg,7
./img_align_celeba/000488.jpg,7
./img_align_celeba/000489.jpg,7
./img_align_celeba/000490.jpg,6
./img_align_celeba/000491.jpg,7
./img_align_celeba/000492.jpg,8
./img_align_celeba/000493.jpg,7
./img_align_celeba/000494.jpg,6
./img_align_celeba/000495.jpg,7
./img_align_celeba/000496.jpg,8
./img_align_celeba/000497.jpg,8
./img_align_celeba/000498.jpg,4
./img_align_celeba/000499.jpg,6
./img_align_celeba/000500.jpg,3
./img_align_celeba/000501.jpg,6
./img_align_celeba/000502.jpg,6
./img_align_celeba/000503.jpg,7
./img_align_celeba/000504.jpg,7
./img_align_celeba/000505.jpg,6
./img_align_celeba/000506.jpg,5
./img_align_celeba/000507.jpg,6
./img_align_celeba/000508.jpg,6
./img_align_celeba/000509.jpg,4
./img_align_celeba/000510.jpg,7
./img_align_celeba/000511.jpg,2
./img_align_celeba/000512.jpg,3
./img_align_celeba/000513.jpg,4
./img_align_celeba/000514.jpg,7
./img_align_celeba/000515.jpg,6
./img_align_celeba/000516.jpg,8
./img_align_celeba/000517.jpg,7
./img_align_celeba/000518.jpg,4
./img_align_celeba/000519.jpg,8
./img_align_celeba/000520.jpg,2
./img_align_celeba/000521.jpg,5
./img_align_celeba/000522.jpg,4
./img_align_celeba/000523.jpg,6
./img_align_celeba/000524.jpg,7
./img_align_celeba/000525.jpg,4
./img_align_celeba/000526.jpg,4
./img_align_celeba/000527.jpg,7
./img_align_celeba/000528.jpg,5
./img_align_celeba/000529.jpg,6
./img_align_celeba/000530.jpg,7
./img_align_celeba/000531.jpg,7
./img_align_celeba/000532.jpg,8
./img_align_celeba/000533.jpg,7
./img_align_celeba/000534.jpg,6
./img_align_celeba/000535.jpg,5
./img_align_celeba/000536.jpg,7
./img_align_celeba/000537.jpg,6
./img_align_celeba/000538.jpg,7
./img_align_celeba/000539.jpg,7
./img_align_celeba/000540.jpg,7
./img_align_celeba/000541.jpg,8
./img_align_celeba/000542.jpg,5
./img_align_celeba/000543.jpg,6
./img_align_celeba/000544.jpg,7
./img_align_celeba/000545.jpg,6
./img_align_celeba/000546.jpg,6
./img_align_celeba/000547.jpg,7
./img_align_celeba/000548.jpg,7
./img_align_celeba/000549.jpg,8
./img_align_celeba/000550.jpg,8
./img_align_celeba/000551.jpg,7
./img_align_celeba/000552.jpg,6
./img_align_celeba/000553.jpg,6
./img_align_celeba/000554.jpg,7
./img_align_celeba/000555.jpg,6
./img_align_celeba/000556.jpg,6
./img_align_celeba/000557.jpg,7
./img_align_celeba/000558.jpg,5
./img_align_celeba/000559.jpg,4
./img_align_celeba/000560.jpg,5
./img_align_celeba/000561.jpg,6
./img_align_celeba/000562.jpg,6
./img_align_celeba/000563.jpg,4
./img_align_celeba/000564.jpg,7
./img_align_celeba/000565.jpg,7
./img_align_celeba/000566.jpg,7
./img_align_celeba/000567.jpg,6
./img_align_celeba/000568.jpg,4
./img_align_celeba/000569.jpg,4
./img_align_celeba/000570.jpg,7
./img_align_celeba/000571.jpg,4
./img_align_celeba/000572.jpg,7
./img_align_celeba/000573.jpg,4
./img_align_celeba/000574.jpg,7
./img_align_celeba/000575.jpg,3
./img_align_celeba/000576.jpg,4
./img_align_celeba/000577.jpg,6
./img_align_celeba/000578.jpg,3
./img_align_celeba/000579.jpg,6
./img_align_celeba/000580.jpg,8
./img_align_celeba/000581.jpg,6
./img_align_celeba/000582.jpg,8
./img_align_celeba/000583.jpg,7
./img_align_celeba/000584.jpg,7
./img_align_celeba/000585.jpg,2
./img_align_celeba/000586.jpg,6
./img_align_celeba/000587.jpg,7
./img_align_celeba/000588.jpg,8
./img_align_celeba/000589.jpg,7
./img_align_celeba/000590.jpg,7
./img_align_celeba/000591.jpg,7
./img_align_celeba/000592.jpg,7
./img_align_celeba/000593.jpg,4
./img_align_celeba/000594.jpg,8
./img_align_celeba/000595.jpg,7
./img_align_celeba/000596.jpg,1
./img_align_celeba/000597.jpg,7
./img_align_celeba/000598.jpg,8
./img_align_celeba/000599.jpg,6
./img_align_celeba/000600.jpg,6
./img_align_celeba/000601.jpg,6
./img_align_celeba/000602.jpg,5
./img_align_celeba/000603.jpg,4
./img_align_celeba/000604.jpg,5
./img_align_celeba/000605.jpg,5
./img_align_celeba/000606.jpg,6
./img_align_celeba/000607.jpg,7
./img_align_celeba/000608.jpg,3
./img_align_celeba/000609.jpg,8
./img_align_celeba/000610.jpg,7
./img_align_celeba/000611.jpg,7
./img_align_celeba/000612.jpg,8
./img_align_celeba/000613.jpg,7
./img_align_celeba/000614.jpg,7
./img_align_celeba/000615.jpg,6
./img_align_celeba/000616.jpg,7
./img_align_celeba/000617.jpg,2
./img_align_celeba/000618.jpg,4
./img_align_celeba/000619.jpg,6
./img_align_celeba/000620.jpg,1
./img_align_celeba/000621.jpg,6
./img_align_celeba/000622.jpg,6
./img_align_celeba/000623.jpg,5
./img_align_celeba/000624.jpg,3
./img_align_celeba/000625.jpg,5
./img_align_celeba/000626.jpg,6
./img_align_celeba/000627.jpg,7
./img_align_celeba/000628.jpg,5
./img_align_celeba/000629.jpg,6
./img_align_celeba/000630.jpg,5
./img_align_celeba/000631.jpg,7
./img_align_celeba/000632.jpg,7
./img_align_celeba/000633.jpg,6
./img_align_celeba/000634.jpg,5
./img_align_celeba/000635.jpg,4
./img_align_celeba/000636.jpg,5
./img_align_celeba/000637.jpg,6
./img_align_celeba/000638.jpg,7
./img_align_celeba/000639.jpg,3
./img_align_celeba/000640.jpg,7
./img_align_celeba/000641.jpg,8
./img_align_celeba/000642.jpg,6
./img_align_celeba/000643.jpg,6
./img_align_celeba/000644.jpg,7
./img_align_celeba/000645.jpg,4
./img_align_celeba/000646.jpg,6
./img_align_celeba/000647.jpg,5
./img_align_celeba/000648.jpg,6
./img_align_celeba/000649.jpg,5
./img_align_celeba/000650.jpg,4
./img_align_celeba/000651.jpg,4
./img_align_celeba/000652.jpg,5
./img_align_celeba/000653.jpg,6
./img_align_celeba/000654.jpg,4
./img_align_celeba/000655.jpg,6
./img_align_celeba/000656.jpg,6
./img_align_celeba/000657.jpg,2
./img_align_celeba/000658.jpg,5
./img_align_celeba/000659.jpg,5
./img_align_celeba/000660.jpg,5
./img_align_celeba/000661.jpg,6
./img_align_celeba/000662.jpg,6
./img_align_celeba/000663.jpg,7
./img_align_celeba/000664.jpg,8
./img_align_celeba/000665.jpg,7
./img_align_celeba/000666.jpg,6
./img_align_celeba/000667.jpg,5
./img_align_celeba/000668.jpg,8
./img_align_celeba/000669.jpg,9
./img_align_celeba/000670.jpg,6
./img_align_celeba/000671.jpg,5
./img_align_celeba/000672.jpg,6
./img_align_celeba/000673.jpg,7
./img_align_celeba/000674.jpg,5
./img_align_celeba/000675.jpg,3
./img_align_celeba/000676.jpg,4
./img_align_celeba/000677.jpg,2
./img_align_celeba/000678.jpg,6
./img_align_celeba/000679.jpg,7
./img_align_celeba/000680.jpg,7
./img_align_celeba/000681.jpg,4
./img_align_celeba/000682.jpg,5
./img_align_celeba/000683.jpg,2
./img_align_celeba/000684.jpg,3
./img_align_celeba/000685.jpg,6
./img_align_celeba/000686.jpg,4
./img_align_celeba/000687.jpg,2
./img_align_celeba/000688.jpg,3
./img_align_celeba/000689.jpg,5
./img_align_celeba/000690.jpg,6
./img_align_celeba/000691.jpg,7
./img_align_celeba/000692.jpg,6
./img_align_celeba/000693.jpg,7
./img_align_celeba/000694.jpg,6
./img_align_celeba/000695.jpg,4
./img_align_celeba/000696.jpg,3
./img_align_celeba/000697.jpg,6
./img_align_celeba/000698.jpg,6
./img_align_celeba/000699.jpg,7
./img_align_celeba/000700.jpg,7
./img_align_celeba/000701.jpg,7
./img_align_celeba/000702.jpg,7
./img_align_celeba/000703.jpg,6
./img_align_celeba/000704.jpg,4
./img_align_celeba/000705.jpg,5
./img_align_celeba/000706.jpg,5
./img_align_celeba/000707.jpg,6
./img_align_celeba/000708.jpg,6
./img_align_celeba/000709.jpg,7
./img_align_celeba/000710.jpg,4
./img_align_celeba/000711.jpg,7
./img_align_celeba/000712.jpg,6
./img_align_celeba/000713.jpg,6
./img_align_celeba/000714.jpg,2
./img_align_celeba/000715.jpg,6
./img_align_celeba/000716.jpg,4
./img_align_celeba/000717.jpg,6
./img_align_celeba/000718.jpg,7
./img_align_celeba/000719.jpg,5
./img_align_celeba/000720.jpg,2
./img_align_celeba/000721.jpg,7
./img_align_celeba/000722.jpg,6
./img_align_celeba/000723.jpg,6
./img_align_celeba/000724.jpg,3
./img_align_celeba/000725.jpg,5
./img_align_celeba/000726.jpg,6
./img_align_celeba/000727.jpg,7
./img_align_celeba/000728.jpg,5
./img_align_celeba/000729.jpg,4
./img_align_celeba/000730.jpg,5
./img_align_celeba/000731.jpg,5
./img_align_celeba/000732.jpg,6
./img_align_celeba/000733.jpg,2
./img_align_celeba/000734.jpg,8
./img_align_celeba/000735.jpg,5
./img_align_celeba/000736.jpg,7
./img_align_celeba/000737.jpg,6
./img_align_celeba/000738.jpg,5
./img_align_celeba/000739.jpg,5
./img_align_celeba/000740.jpg,7
./img_align_celeba/000741.jpg,6
./img_align_celeba/000742.jpg,6
./img_align_celeba/000743.jpg,7
./img_align_celeba/000744.jpg,7
./img_align_celeba/000745.jpg,6
./img_align_celeba/000746.jpg,7
./img_align_celeba/000747.jpg,4
./img_align_celeba/000748.jpg,5
./img_align_celeba/000749.jpg,7
./img_align_celeba/000750.jpg,2
./img_align_celeba/000751.jpg,7
./img_align_celeba/000752.jpg,6
./img_align_celeba/000753.jpg,5
./img_align_celeba/000754.jpg,6
./img_align_celeba/000755.jpg,4
./img_align_celeba/000756.jpg,4
./img_align_celeba/000757.jpg,5
./img_align_celeba/000758.jpg,8
./img_align_celeba/000759.jpg,8
./img_align_celeba/000760.jpg,6
./img_align_celeba/000761.jpg,7
./img_align_celeba/000762.jpg,7
./img_align_celeba/000763.jpg,8
./img_align_celeba/000764.jpg,7
./img_align_celeba/000765.jpg,7
./img_align_celeba/000766.jpg,6
./img_align_celeba/000767.jpg,7
./img_align_celeba/000768.jpg,2
./img_align_celeba/000769.jpg,7
./img_align_celeba/000770.jpg,5
./img_align_celeba/000771.jpg,3
./img_align_celeba/000772.jpg,6
./img_align_celeba/000773.jpg,5
./img_align_celeba/000774.jpg,6
./img_align_celeba/000775.jpg,3
./img_align_celeba/000776.jpg,7
./img_align_celeba/000777.jpg,6
./img_align_celeba/000778.jpg,2
./img_align_celeba/000779.jpg,2
./img_align_celeba/000780.jpg,6
./img_align_celeba/000781.jpg,7
./img_align_celeba/000782.jpg,4
./img_align_celeba/000783.jpg,6
./img_align_celeba/000784.jpg,5
./img_align_celeba/000785.jpg,6
./img_align_celeba/000786.jpg,6
./img_align_celeba/000787.jpg,5
./img_align_celeba/000788.jpg,5
./img_align_celeba/000789.jpg,4
./img_align_celeba/000790.jpg,3
./img_align_celeba/000791.jpg,5
./img_align_celeba/000792.jpg,6
./img_align_celeba/000793.jpg,7
./img_align_celeba/000794.jpg,6
./img_align_celeba/000795.jpg,6
./img_align_celeba/000796.jpg,5
./img_align_celeba/000797.jpg,6
./img_align_celeba/000798.jpg,2
./img_align_celeba/000799.jpg,6
./img_align_celeba/000800.jpg,6
./img_align_celeba/000801.jpg,7
./img_align_celeba/000802.jpg,6
./img_align_celeba/000803.jpg,4
./img_align_celeba/000804.jpg,6
./img_align_celeba/000805.jpg,8
./img_align_celeba/000806.jpg,7
./img_align_celeba/000807.jpg,6
./img_align_celeba/000808.jpg,4
./img_align_celeba/000809.jpg,8
./img_align_celeba/000810.jpg,7
./img_align_celeba/000811.jpg,8
./img_align_celeba/000812.jpg,9
./img_align_celeba/000813.jpg,6
./img_align_celeba/000814.jpg,9
./img_align_celeba/000815.jpg,2
./img_align_celeba/000816.jpg,1
./img_align_celeba/000817.jpg,2
./img_align_celeba/000818.jpg,3
./img_align_celeba/000819.jpg,4
./img_align_celeba/000820.jpg,5
./img_align_celeba/000821.jpg,9
./img_align_celeba/000822.jpg,7
./img_align_celeba/000823.jpg,6
./img_align_celeba/000824.jpg,6
./img_align_celeba/000825.jpg,6
./img_align_celeba/000826.jpg,2
./img_align_celeba/000827.jpg,6
./img_align_celeba/000828.jpg,5
./img_align_celeba/000829.jpg,6
./img_align_celeba/000830.jpg,6
./img_align_celeba/000831.jpg,5
./img_align_celeba/000832.jpg,6
./img_align_celeba/000833.jpg,5
./img_align_celeba/000834.jpg,7
./img_align_celeba/000835.jpg,8
./img_align_celeba/000836.jpg,5
./img_align_celeba/000837.jpg,5
./img_align_celeba/000838.jpg,4
./img_align_celeba/000839.jpg,6
./img_align_celeba/000840.jpg,7
./img_align_celeba/000841.jpg,2
./img_align_celeba/000842.jpg,4
./img_align_celeba/000843.jpg,3
./img_align_celeba/000844.jpg,6
./img_align_celeba/000845.jpg,6
./img_align_celeba/000846.jpg,1
./img_align_celeba/000847.jpg,6
./img_align_celeba/000848.jpg,5
./img_align_celeba/000849.jpg,6
./img_align_celeba/000850.jpg,5
./img_align_celeba/000851.jpg,3
./img_align_celeba/000852.jpg,6
./img_align_celeba/000853.jpg,6
./img_align_celeba/000854.jpg,7
./img_align_celeba/000855.jpg,8
./img_align_celeba/000856.jpg,7
./img_align_celeba/000857.jpg,4
./img_align_celeba/000858.jpg,5
./img_align_celeba/000859.jpg,6
./img_align_celeba/000860.jpg,6
./img_align_celeba/000861.jpg,4
./img_align_celeba/000862.jpg,7
./img_align_celeba/000863.jpg,6
./img_align_celeba/000864.jpg,5
./img_align_celeba/000865.jpg,8
./img_align_celeba/000866.jpg,7
./img_align_celeba/000867.jpg,2
./img_align_celeba/000868.jpg,7
./img_align_celeba/000869.jpg,6
./img_align_celeba/000870.jpg,8
./img_align_celeba/000871.jpg,7
./img_align_celeba/000872.jpg,7
./img_align_celeba/000873.jpg,6
./img_align_celeba/000874.jpg,7
./img_align_celeba/000875.jpg,3
./img_align_celeba/000876.jpg,8
./img_align_celeba/000877.jpg,7
./img_align_celeba/000878.jpg,6
./img_align_celeba/000879.jpg,5
./img_align_celeba/000880.jpg,7
./img_align_celeba/000881.jpg,4
./img_align_celeba/000882.jpg,6
./img_align_celeba/000883.jpg,6
./img_align_celeba/000884.jpg,7
./img_align_celeba/000885.jpg,5
./img_align_celeba/000886.jpg,5
./img_align_celeba/000887.jpg,4
./img_align_celeba/000888.jpg,3
./img_align_celeba/000889.jpg,6
./img_align_celeba/000890.jpg,7
./img_align_celeba/000891.jpg,2
./img_align_celeba/000892.jpg,5
./img_align_celeba/000893.jpg,7
./img_align_celeba/000894.jpg,6
./img_align_celeba/000895.jpg,5
./img_align_celeba/000896.jpg,6
./img_align_celeba/000897.jpg,6
./img_align_celeba/000898.jpg,1
./img_align_celeba/000899.jpg,8
./img_align_celeba/000900.jpg,7
./img_align_celeba/000901.jpg,7
./img_align_celeba/000902.jpg,4
./img_align_celeba/000903.jpg,5
./img_align_celeba/000904.jpg,6
./img_align_celeba/000905.jpg,4
./img_align_celeba/000906.jpg,6
./img_align_celeba/000907.jpg,5
./img_align_celeba/000908.jpg,7
./img_align_celeba/000909.jpg,9
./img_align_celeba/000910.jpg,7
./img_align_celeba/000911.jpg,7
./img_align_celeba/000912.jpg,7
./img_align_celeba/000913.jpg,6
./img_align_celeba/000914.jpg,5
./img_align_celeba/000915.jpg,3
./img_align_celeba/000916.jpg,7
./img_align_celeba/000917.jpg,8
./img_align_celeba/000918.jpg,9
./img_align_celeba/000919.jpg,7
./img_align_celeba/000920.jpg,6
./img_align_celeba/000921.jpg,7
./img_align_celeba/000922.jpg,7
./img_align_celeba/000923.jpg,6
./img_align_celeba/000924.jpg,6
./img_align_celeba/000925.jpg,6
./img_align_celeba/000926.jpg,3
./img_align_celeba/000927.jpg,7
./img_align_celeba/000928.jpg,6
./img_align_celeba/000929.jpg,4
./img_align_celeba/000930.jpg,3
./img_align_celeba/000931.jpg,3
./img_align_celeba/000932.jpg,4
./img_align_celeba/000933.jpg,5
./img_align_celeba/000934.jpg,6
./img_align_celeba/000935.jpg,3
./img_align_celeba/000936.jpg,7
./img_align_celeba/000937.jpg,6
./img_align_celeba/000938.jpg,4
./img_align_celeba/000939.jpg,8
./img_align_celeba/000940.jpg,8
./img_align_celeba/000941.jpg,8
./img_align_celeba/000942.jpg,7
./img_align_celeba/000943.jpg,6
./img_align_celeba/000944.jpg,2
./img_align_celeba/000945.jpg,8
./img_align_celeba/000946.jpg,6
./img_align_celeba/000947.jpg,5
./img_align_celeba/000948.jpg,7
./img_align_celeba/000949.jpg,7
./img_align_celeba/000950.jpg,8
./img_align_celeba/000951.jpg,6
./img_align_celeba/000952.jpg,7
./img_align_celeba/000953.jpg,6
./img_align_celeba/000954.jpg,7
./img_align_celeba/000955.jpg,4
./img_align_celeba/000956.jpg,6
./img_align_celeba/000957.jpg,5
./img_align_celeba/000958.jpg,3
./img_align_celeba/000959.jpg,5
./img_align_celeba/000960.jpg,6
./img_align_celeba/000961.jpg,7
./img_align_celeba/000962.jpg,6
./img_align_celeba/000963.jpg,8
./img_align_celeba/000964.jpg,7
./img_align_celeba/000965.jpg,7
./img_align_celeba/000966.jpg,7
./img_align_celeba/000967.jpg,6
./img_align_celeba/000968.jpg,6
./img_align_celeba/000969.jpg,3
./img_align_celeba/000970.jpg,5
./img_align_celeba/000971.jpg,6
./img_align_celeba/000972.jpg,6
./img_align_celeba/000973.jpg,5
./img_align_celeba/000974.jpg,4
./img_align_celeba/000975.jpg,6
./img_align_celeba/000976.jpg,7
./img_align_celeba/000977.jpg,6
./img_align_celeba/000978.jpg,7
./img_align_celeba/000979.jpg,7
./img_align_celeba/000980.jpg,7
./img_align_celeba/000981.jpg,4
./img_align_celeba/000982.jpg,8
./img_align_celeba/000983.jpg,4
./img_align_celeba/000984.jpg,5
./img_align_celeba/000985.jpg,5
./img_align_celeba/000986.jpg,6
./img_align_celeba/000987.jpg,5
./img_align_celeba/000988.jpg,6
./img_align_celeba/000989.jpg,8
./img_align_celeba/000990.jpg,8
./img_align_celeba/000991.jpg,8
./img_align_celeba/000992.jpg,6
./img_align_celeba/000993.jpg,5
./img_align_celeba/000994.jpg,6
./img_align_celeba/000995.jpg,8
./img_align_celeba/000996.jpg,6
./img_align_celeba/000997.jpg,7
./img_align_celeba/000998.jpg,8
./img_align_celeba/000999.jpg,4
./img_align_celeba/001000.jpg,7
./img_align_celeba/001001.jpg,9
./img_align_celeba/001002.jpg,7
./img_align_celeba/001003.jpg,8
./img_align_celeba/001004.jpg,4
./img_align_celeba/001005.jpg,8
./img_align_celeba/001006.jpg,2
./img_align_celeba/001007.jpg,5
./img_align_celeba/001008.jpg,2
./img_align_celeba/001009.jpg,6
./img_align_celeba/001010.jpg,7
./img_align_celeba/001011.jpg,7
./img_align_celeba/001012.jpg,6
./img_align_celeba/001013.jpg,8
./img_align_celeba/001014.jpg,6
./img_align_celeba/001015.jpg,4
./img_align_celeba/001016.jpg,4
./img_align_celeba/001017.jpg,7
./img_align_celeba/001018.jpg,9
./img_align_celeba/001019.jpg,8
./img_align_celeba/001020.jpg,6
./img_align_celeba/001021.jpg,7
./img_align_celeba/001022.jpg,6
./img_align_celeba/001023.jpg,7
./img_align_celeba/001024.jpg,10
./img_align_celeba/001025.jpg,9
./img_align_celeba/001026.jpg,7
./img_align_celeba/001027.jpg,4
./img_align_celeba/001028.jpg,6
./img_align_celeba/001029.jpg,7
./img_align_celeba/001030.jpg,4
./img_align_celeba/001031.jpg,8
./img_align_celeba/001032.jpg,5
./img_align_celeba/001033.jpg,4
./img_align_celeba/001034.jpg,7
./img_align_celeba/001035.jpg,4
./img_align_celeba/001036.jpg,6
./img_align_celeba/001037.jpg,5
./img_align_celeba/001038.jpg,4
./img_align_celeba/001039.jpg,7
./img_align_celeba/001040.jpg,6
./img_align_celeba/001041.jpg,7
./img_align_celeba/001042.jpg,4
./img_align_celeba/001043.jpg,8
./img_align_celeba/001044.jpg,4
./img_align_celeba/001045.jpg,7
./img_align_celeba/001046.jpg,3
./img_align_celeba/001047.jpg,7
./img_align_celeba/001048.jpg,7
./img_align_celeba/001049.jpg,7
./img_align_celeba/001050.jpg,7
./img_align_celeba/001051.jpg,5
./img_align_celeba/001052.jpg,6
./img_align_celeba/001053.jpg,8
./img_align_celeba/001054.jpg,8
./img_align_celeba/001055.jpg,1
./img_align_celeba/001056.jpg,7
./img_align_celeba/001057.jpg,6
./img_align_celeba/001058.jpg,5
./img_align_celeba/001059.jpg,6
./img_align_celeba/001060.jpg,4
./img_align_celeba/001061.jpg,8
./img_align_celeba/001062.jpg,7
./img_align_celeba/001063.jpg,6
./img_align_celeba/001064.jpg,7
./img_align_celeba/001065.jpg,2
./img_align_celeba/001066.jpg,3
./img_align_celeba/001067.jpg,10
./img_align_celeba/001068.jpg,7
./img_align_celeba/001069.jpg,6
./img_align_celeba/001070.jpg,10
./img_align_celeba/001071.jpg,9
./img_align_celeba/001072.jpg,2
./img_align_celeba/001073.jpg,6
./img_align_celeba/001074.jpg,4
./img_align_celeba/001075.jpg,7
./img_align_celeba/001076.jpg,4
./img_align_celeba/001077.jpg,5
./img_align_celeba/001078.jpg,3
./img_align_celeba/001079.jpg,6
./img_align_celeba/001080.jpg,8
./img_align_celeba/001081.jpg,6
./img_align_celeba/001082.jpg,8
./img_align_celeba/001083.jpg,4
./img_align_celeba/001084.jpg,9
./img_align_celeba/001085.jpg,6
./img_align_celeba/001086.jpg,5
./img_align_celeba/001087.jpg,7
./img_align_celeba/001088.jpg,6
./img_align_celeba/001089.jpg,4
./img_align_celeba/001090.jpg,5
./img_align_celeba/001091.jpg,8
./img_align_celeba/001092.jpg,4
./img_align_celeba/001093.jpg,3
./img_align_celeba/001094.jpg,6
./img_align_celeba/001095.jpg,5
./img_align_celeba/001096.jpg,4
./img_align_celeba/001097.jpg,7
./img_align_celeba/001098.jpg,7
./img_align_celeba/001099.jpg,5
./img_align_celeba/001100.jpg,4
./img_align_celeba/001101.jpg,3
./img_align_celeba/001102.jpg,7
./img_align_celeba/001103.jpg,6
./img_align_celeba/001104.jpg,3
./img_align_celeba/001105.jpg,6
./img_align_celeba/001106.jpg,8
./img_align_celeba/001107.jpg,7
./img_align_celeba/001108.jpg,8
./img_align_celeba/001109.jpg,5
./img_align_celeba/001110.jpg,4
./img_align_celeba/001111.jpg,8
./img_align_celeba/001112.jpg,5
./img_align_celeba/001113.jpg,7
./img_align_celeba/001114.jpg,6
./img_align_celeba/001115.jpg,8
./img_align_celeba/001116.jpg,7
./img_align_celeba/001117.jpg,2
./img_align_celeba/001118.jpg,7
./img_align_celeba/001119.jpg,4
./img_align_celeba/001120.jpg,4
./img_align_celeba/001121.jpg,7
./img_align_celeba/001122.jpg,4
./img_align_celeba/001123.jpg,1
./img_align_celeba/001124.jpg,6
./img_align_celeba/001125.jpg,6
./img_align_celeba/001126.jpg,4
./img_align_celeba/001127.jpg,2
./img_align_celeba/001128.jpg,5
./img_align_celeba/001129.jpg,5
./img_align_celeba/001130.jpg,7
./img_align_celeba/001131.jpg,5
./img_align_celeba/001132.jpg,6
./img_align_celeba/001133.jpg,7
./img_align_celeba/001134.jpg,8
./img_align_celeba/001135.jpg,8
./img_align_celeba/001136.jpg,4
./img_align_celeba/001137.jpg,3
./img_align_celeba/001138.jpg,6
./img_align_celeba/001139.jpg,4
./img_align_celeba/001140.jpg,5
./img_align_celeba/001141.jpg,6
./img_align_celeba/001142.jpg,3
./img_align_celeba/001143.jpg,7
./img_align_celeba/001144.jpg,7
./img_align_celeba/001145.jpg,6
./img_align_celeba/001146.jpg,6
./img_align_celeba/001147.jpg,6
./img_align_celeba/001148.jpg,7
./img_align_celeba/001149.jpg,4
./img_align_celeba/001150.jpg,7
./img_align_celeba/001151.jpg,7
./img_align_celeba/001152.jpg,7
./img_align_celeba/001153.jpg,4
./img_align_celeba/001154.jpg,5
./img_align_celeba/001155.jpg,4
./img_align_celeba/001156.jpg,4
./img_align_celeba/001157.jpg,8
./img_align_celeba/001158.jpg,9
./img_align_celeba/001159.jpg,9
./img_align_celeba/001160.jpg,4
./img_align_celeba/001161.jpg,6
./img_align_celeba/001162.jpg,5
./img_align_celeba/001163.jpg,6
./img_align_celeba/001164.jpg,6
./img_align_celeba/001165.jpg,6
./img_align_celeba/001166.jpg,3
./img_align_celeba/001167.jpg,7
./img_align_celeba/001168.jpg,7
./img_align_celeba/001169.jpg,7
./img_align_celeba/001170.jpg,8
./img_align_celeba/001171.jpg,6
./img_align_celeba/001172.jpg,6
./img_align_celeba/001173.jpg,3
./img_align_celeba/001174.jpg,7
./img_align_celeba/001175.jpg,7
./img_align_celeba/001176.jpg,7
./img_align_celeba/001177.jpg,4
./img_align_celeba/001178.jpg,6
./img_align_celeba/001179.jpg,5
./img_align_celeba/001180.jpg,7
./img_align_celeba/001181.jpg,8
./img_align_celeba/001182.jpg,8
./img_align_celeba/001183.jpg,7
./img_align_celeba/001184.jpg,7
./img_align_celeba/001185.jpg,2
./img_align_celeba/001186.jpg,7
./img_align_celeba/001187.jpg,1
./img_align_celeba/001188.jpg,4
./img_align_celeba/001189.jpg,4
./img_align_celeba/001190.jpg,1
./img_align_celeba/001191.jpg,7
./img_align_celeba/001192.jpg,1
./img_align_celeba/001193.jpg,3
./img_align_celeba/001194.jpg,2
./img_align_celeba/001195.jpg,8
./img_align_celeba/001196.jpg,4
./img_align_celeba/001197.jpg,5
./img_align_celeba/001198.jpg,7
./img_align_celeba/001199.jpg,6
./img_align_celeba/001200.jpg,9
./img_align_celeba/001201.jpg,8
./img_align_celeba/001202.jpg,6
./img_align_celeba/001203.jpg,7
./img_align_celeba/001204.jpg,4
./img_align_celeba/001205.jpg,9
./img_align_celeba/001206.jpg,7
./img_align_celeba/001207.jpg,4
./img_align_celeba/001208.jpg,1
./img_align_celeba/001209.jpg,3
./img_align_celeba/001210.jpg,7
./img_align_celeba/001211.jpg,7
./img_align_celeba/001212.jpg,6
./img_align_celeba/001213.jpg,6
./img_align_celeba/001214.jpg,8
./img_align_celeba/001215.jpg,5
./img_align_celeba/001216.jpg,3
./img_align_celeba/001217.jpg,5
./img_align_celeba/001218.jpg,8
./img_align_celeba/001219.jpg,6
./img_align_celeba/001220.jpg,4
./img_align_celeba/001221.jpg,4
./img_align_celeba/001222.jpg,2
./img_align_celeba/001223.jpg,6
./img_align_celeba/001224.jpg,5
./img_align_celeba/001225.jpg,6
./img_align_celeba/001226.jpg,5
./img_align_celeba/001227.jpg,6
./img_align_celeba/001228.jpg,3
./img_align_celeba/001229.jpg,7
./img_align_celeba/001230.jpg,7
./img_align_celeba/001231.jpg,5
./img_align_celeba/001232.jpg,4
./img_align_celeba/001233.jpg,3
./img_align_celeba/001234.jpg,8
./img_align_celeba/001235.jpg,4
./img_align_celeba/001236.jpg,6
./img_align_celeba/001237.jpg,5
./img_align_celeba/001238.jpg,6
./img_align_celeba/001239.jpg,6
./img_align_celeba/001240.jpg,1
./img_align_celeba/001241.jpg,3
./img_align_celeba/001242.jpg,2
./img_align_celeba/001243.jpg,2
./img_align_celeba/001244.jpg,4
./img_align_celeba/001245.jpg,6
./img_align_celeba/001246.jpg,7
./img_align_celeba/001247.jpg,7
./img_align_celeba/001248.jpg,8
./img_align_celeba/001249.jpg,7
./img_align_celeba/001250.jpg,6
./img_align_celeba/001251.jpg,6
./img_align_celeba/001252.jpg,5
./img_align_celeba/001253.jpg,4
./img_align_celeba/001254.jpg,6
./img_align_celeba/001255.jpg,7
./img_align_celeba/001256.jpg,7
./img_align_celeba/001257.jpg,6
./img_align_celeba/001258.jpg,1
./img_align_celeba/001259.jpg,3
./img_align_celeba/001260.jpg,3
./img_align_celeba/001261.jpg,6
./img_align_celeba/001262.jpg,6
./img_align_celeba/001263.jpg,3
./img_align_celeba/001264.jpg,4
./img_align_celeba/001265.jpg,6
./img_align_celeba/001266.jpg,3
./img_align_celeba/001267.jpg,6
./img_align_celeba/001268.jpg,4
./img_align_celeba/001269.jpg,7
./img_align_celeba/001270.jpg,3
./img_align_celeba/001271.jpg,7
./img_align_celeba/001272.jpg,4
./img_align_celeba/001273.jpg,6
./img_align_celeba/001274.jpg,9
./img_align_celeba/001275.jpg,2
./img_align_celeba/001276.jpg,5
./img_align_celeba/001277.jpg,8
./img_align_celeba/001278.jpg,8
./img_align_celeba/001279.jpg,7
./img_align_celeba/001280.jpg,6
./img_align_celeba/001281.jpg,3
./img_align_celeba/001282.jpg,5
./img_align_celeba/001283.jpg,5
./img_align_celeba/001284.jpg,6
./img_align_celeba/001285.jpg,10
./img_align_celeba/001286.jpg,2
./img_align_celeba/001287.jpg,4
./img_align_celeba/001288.jpg,5
./img_align_celeba/001289.jpg,6
./img_align_celeba/001290.jpg,7
./img_align_celeba/001291.jpg,2
./img_align_celeba/001292.jpg,7
./img_align_celeba/001293.jpg,6
./img_align_celeba/001294.jpg,7
./img_align_celeba/001295.jpg,3
./img_align_celeba/001296.jpg,3
./img_align_celeba/001297.jpg,6
./img_align_celeba/001298.jpg,6
./img_align_celeba/001299.jpg,7
./img_align_celeba/001300.jpg,7
./img_align_celeba/001301.jpg,7
./img_align_celeba/001302.jpg,6
./img_align_celeba/001303.jpg,3
./img_align_celeba/001304.jpg,6
./img_align_celeba/001305.jpg,5
./img_align_celeba/001306.jpg,7
./img_align_celeba/001307.jpg,7
./img_align_celeba/001308.jpg,7
./img_align_celeba/001309.jpg,5
./img_align_celeba/001310.jpg,1
./img_align_celeba/001311.jpg,4
./img_align_celeba/001312.jpg,4
./img_align_celeba/001313.jpg,7
./img_align_celeba/001314.jpg,2
./img_align_celeba/001315.jpg,5
./img_align_celeba/001316.jpg,6
./img_align_celeba/001317.jpg,7
./img_align_celeba/001318.jpg,3
./img_align_celeba/001319.jpg,7
./img_align_celeba/001320.jpg,6
./img_align_celeba/001321.jpg,7
./img_align_celeba/001322.jpg,2
./img_align_celeba/001323.jpg,7
./img_align_celeba/001324.jpg,2
./img_align_celeba/001325.jpg,7
./img_align_celeba/001326.jpg,3
./img_align_celeba/001327.jpg,6
./img_align_celeba/001328.jpg,6
./img_align_celeba/001329.jpg,6
./img_align_celeba/001330.jpg,7
./img_align_celeba/001331.jpg,5
./img_align_celeba/001332.jpg,7
./img_align_celeba/001333.jpg,8
./img_align_celeba/001334.jpg,4
./img_align_celeba/001335.jpg,7
./img_align_celeba/001336.jpg,6
./img_align_celeba/001337.jpg,6
./img_align_celeba/001338.jpg,2
./img_align_celeba/001339.jpg,3
./img_align_celeba/001340.jpg,2
./img_align_celeba/001341.jpg,1
./img_align_celeba/001342.jpg,3
./img_align_celeba/001343.jpg,3
./img_align_celeba/001344.jpg,5
./img_align_celeba/001345.jpg,5
./img_align_celeba/001346.jpg,10
./img_align_celeba/001347.jpg,4
./img_align_celeba/001348.jpg,7
./img_align_celeba/001349.jpg,6
./img_align_celeba/001350.jpg,6
./img_align_celeba/001351.jpg,6
./img_align_celeba/001352.jpg,6
./img_align_celeba/001353.jpg,6
./img_align_celeba/001354.jpg,6
./img_align_celeba/001355.jpg,8
./img_align_celeba/001356.jpg,1
./img_align_celeba/001357.jpg,1
./img_align_celeba/001358.jpg,3
./img_align_celeba/001359.jpg,6
./img_align_celeba/001360.jpg,6
./img_align_celeba/001361.jpg,6
./img_align_celeba/001362.jpg,7
./img_align_celeba/001363.jpg,8
./img_align_celeba/001364.jpg,7
./img_align_celeba/001365.jpg,7
./img_align_celeba/001366.jpg,7
./img_align_celeba/001367.jpg,7
./img_align_celeba/001368.jpg,2
./img_align_celeba/001369.jpg,5
./img_align_celeba/001370.jpg,5
./img_align_celeba/001371.jpg,7
./img_align_celeba/001372.jpg,6
./img_align_celeba/001373.jpg,7
./img_align_celeba/001374.jpg,9
./img_align_celeba/001375.jpg,7
./img_align_celeba/001376.jpg,6
./img_align_celeba/001377.jpg,4
./img_align_celeba/001378.jpg,6
./img_align_celeba/001379.jpg,6
./img_align_celeba/001380.jpg,5
./img_align_celeba/001381.jpg,6
./img_align_celeba/001382.jpg,9
./img_align_celeba/001383.jpg,4
./img_align_celeba/001384.jpg,7
./img_align_celeba/001385.jpg,7
./img_align_celeba/001386.jpg,7
./img_align_celeba/001387.jpg,8
./img_align_celeba/001388.jpg,6
./img_align_celeba/001389.jpg,4
./img_align_celeba/001390.jpg,7
./img_align_celeba/001391.jpg,7
./img_align_celeba/001392.jpg,6
./img_align_celeba/001393.jpg,2
./img_align_celeba/001394.jpg,6
./img_align_celeba/001395.jpg,7
./img_align_celeba/001396.jpg,6
./img_align_celeba/001397.jpg,4
./img_align_celeba/001398.jpg,3
./img_align_celeba/001399.jpg,2
./img_align_celeba/001400.jpg,1
./img_align_celeba/001401.jpg,5
./img_align_celeba/001402.jpg,8
./img_align_celeba/001403.jpg,7
./img_align_celeba/001404.jpg,8
./img_align_celeba/001405.jpg,8
./img_align_celeba/001406.jpg,8
./img_align_celeba/001407.jpg,6
./img_align_celeba/001408.jpg,7
./img_align_celeba/001409.jpg,8
./img_align_celeba/001410.jpg,4
./img_align_celeba/001411.jpg,4
./img_align_celeba/001412.jpg,7
./img_align_celeba/001413.jpg,7
./img_align_celeba/001414.jpg,7
./img_align_celeba/001415.jpg,6
./img_align_celeba/001416.jpg,6
./img_align_celeba/001417.jpg,4
./img_align_celeba/001418.jpg,5
./img_align_celeba/001419.jpg,6
./img_align_celeba/001420.jpg,1
./img_align_celeba/001421.jpg,6
./img_align_celeba/001422.jpg,4
./img_align_celeba/001423.jpg,6
./img_align_celeba/001424.jpg,6
./img_align_celeba/001425.jpg,7
./img_align_celeba/001426.jpg,7
./img_align_celeba/001427.jpg,7
./img_align_celeba/001428.jpg,8
./img_align_celeba/001429.jpg,9
./img_align_celeba/001430.jpg,7
./img_align_celeba/001431.jpg,6
./img_align_celeba/001432.jpg,1
./img_align_celeba/001433.jpg,1
./img_align_celeba/001434.jpg,4
./img_align_celeba/001435.jpg,3
./img_align_celeba/001436.jpg,7
./img_align_celeba/001437.jpg,6
./img_align_celeba/001438.jpg,6
./img_align_celeba/001439.jpg,1
./img_align_celeba/001440.jpg,4
./img_align_celeba/001441.jpg,5
./img_align_celeba/001442.jpg,8
./img_align_celeba/001443.jpg,6
./img_align_celeba/001444.jpg,5
./img_align_celeba/001445.jpg,6
./img_align_celeba/001446.jpg,8
./img_align_celeba/001447.jpg,8
./img_align_celeba/001448.jpg,10
./img_align_celeba/001449.jpg,8
./img_align_celeba/001450.jpg,4
./img_align_celeba/001451.jpg,6
./img_align_celeba/001452.jpg,3
./img_align_celeba/001453.jpg,2
./img_align_celeba/001454.jpg,6
./img_align_celeba/001455.jpg,6
./img_align_celeba/001456.jpg,8
./img_align_celeba/001457.jpg,8
./img_align_celeba/001458.jpg,3
./img_align_celeba/001459.jpg,6
./img_align_celeba/001460.jpg,7
./img_align_celeba/001461.jpg,7
./img_align_celeba/001462.jpg,8
./img_align_celeba/001463.jpg,6
./img_align_celeba/001464.jpg,5
./img_align_celeba/001465.jpg,6
./img_align_celeba/001466.jpg,7
./img_align_celeba/001467.jpg,8
./img_align_celeba/001468.jpg,7
./img_align_celeba/001469.jpg,7
./img_align_celeba/001470.jpg,7
./img_align_celeba/001471.jpg,4
./img_align_celeba/001472.jpg,6
./img_align_celeba/001473.jpg,6
./img_align_celeba/001474.jpg,4
./img_align_celeba/001475.jpg,6
./img_align_celeba/001476.jpg,1
./img_align_celeba/001477.jpg,7
./img_align_celeba/001478.jpg,6
./img_align_celeba/001479.jpg,7
./img_align_celeba/001480.jpg,4
./img_align_celeba/001481.jpg,6
./img_align_celeba/001482.jpg,7
./img_align_celeba/001483.jpg,4
./img_align_celeba/001484.jpg,8
./img_align_celeba/001485.jpg,3
./img_align_celeba/001486.jpg,5
./img_align_celeba/001487.jpg,6
./img_align_celeba/001488.jpg,8
./img_align_celeba/001489.jpg,6
./img_align_celeba/001490.jpg,6
./img_align_celeba/001491.jpg,6
./img_align_celeba/001492.jpg,7
./img_align_celeba/001493.jpg,7
./img_align_celeba/001494.jpg,7
./img_align_celeba/001495.jpg,4
./img_align_celeba/001496.jpg,6
./img_align_celeba/001497.jpg,4
./img_align_celeba/001498.jpg,3
./img_align_celeba/001499.jpg,3
./img_align_celeba/001500.jpg,5
./img_align_celeba/001501.jpg,6
./img_align_celeba/001502.jpg,5
./img_align_celeba/001503.jpg,7
./img_align_celeba/001504.jpg,4
./img_align_celeba/001505.jpg,6
./img_align_celeba/001506.jpg,1
./img_align_celeba/001507.jpg,5
./img_align_celeba/001508.jpg,4
./img_align_celeba/001509.jpg,3
./img_align_celeba/001510.jpg,4
./img_align_celeba/001511.jpg,6
./img_align_celeba/001512.jpg,3
./img_align_celeba/001513.jpg,3
./img_align_celeba/001514.jpg,7
./img_align_celeba/001515.jpg,1
./img_align_celeba/001516.jpg,3
./img_align_celeba/001517.jpg,6
./img_align_celeba/001518.jpg,7
./img_align_celeba/001519.jpg,1
./img_align_celeba/001520.jpg,6
./img_align_celeba/001521.jpg,3
./img_align_celeba/001522.jpg,3
./img_align_celeba/001523.jpg,1
./img_align_celeba/001524.jpg,8
./img_align_celeba/001525.jpg,8
./img_align_celeba/001526.jpg,7
./img_align_celeba/001527.jpg,7
./img_align_celeba/001528.jpg,4
./img_align_celeba/001529.jpg,3
./img_align_celeba/001530.jpg,7
./img_align_celeba/001531.jpg,1
./img_align_celeba/001532.jpg,10
./img_align_celeba/001533.jpg,1
./img_align_celeba/001534.jpg,4
./img_align_celeba/001535.jpg,7
./img_align_celeba/001536.jpg,3
./img_align_celeba/001537.jpg,5
./img_align_celeba/001538.jpg,6
./img_align_celeba/001539.jpg,4
./img_align_celeba/001540.jpg,7
./img_align_celeba/001541.jpg,3
./img_align_celeba/001542.jpg,9
./img_align_celeba/001543.jpg,1
./img_align_celeba/001544.jpg,3
./img_align_celeba/001545.jpg,7
./img_align_celeba/001546.jpg,7
./img_align_celeba/001547.jpg,1
./img_align_celeba/001548.jpg,7
./img_align_celeba/001549.jpg,6
./img_align_celeba/001550.jpg,1
./img_align_celeba/001551.jpg,7
./img_align_celeba/001552.jpg,7
./img_align_celeba/001553.jpg,7
./img_align_celeba/001554.jpg,5
./img_align_celeba/001555.jpg,6
./img_align_celeba/001556.jpg,1
./img_align_celeba/001557.jpg,4
./img_align_celeba/001558.jpg,6
./img_align_celeba/001559.jpg,4
./img_align_celeba/001560.jpg,3
./img_align_celeba/001561.jpg,5
./img_align_celeba/001562.jpg,5
./img_align_celeba/001563.jpg,4
./img_align_celeba/001564.jpg,5
./img_align_celeba/001565.jpg,7
./img_align_celeba/001566.jpg,6
./img_align_celeba/001567.jpg,7
./img_align_celeba/001568.jpg,8
./img_align_celeba/001569.jpg,8
./img_align_celeba/001570.jpg,8
./img_align_celeba/001571.jpg,7
./img_align_celeba/001572.jpg,6
./img_align_celeba/001573.jpg,3
./img_align_celeba/001574.jpg,4
./img_align_celeba/001575.jpg,4
./img_align_celeba/001576.jpg,7
./img_align_celeba/001577.jpg,4
./img_align_celeba/001578.jpg,6
./img_align_celeba/001579.jpg,9
./img_align_celeba/001580.jpg,7
./img_align_celeba/001581.jpg,7
./img_align_celeba/001582.jpg,8
./img_align_celeba/001583.jpg,7
./img_align_celeba/001584.jpg,7
./img_align_celeba/001585.jpg,6
./img_align_celeba/001586.jpg,6
./img_align_celeba/001587.jpg,3
./img_align_celeba/001588.jpg,7
./img_align_celeba/001589.jpg,7
./img_align_celeba/001590.jpg,7
./img_align_celeba/001591.jpg,6
./img_align_celeba/001592.jpg,7
./img_align_celeba/001593.jpg,7
./img_align_celeba/001594.jpg,6
./img_align_celeba/001595.jpg,4
./img_align_celeba/001596.jpg,7
./img_align_celeba/001597.jpg,7
./img_align_celeba/001598.jpg,6
./img_align_celeba/001599.jpg,8
./img_align_celeba/001600.jpg,8
./img_align_celeba/001601.jpg,6
./img_align_celeba/001602.jpg,6
./img_align_celeba/001603.jpg,6
./img_align_celeba/001604.jpg,3
./img_align_celeba/001605.jpg,1
./img_align_celeba/001606.jpg,7
./img_align_celeba/001607.jpg,4
./img_align_celeba/001608.jpg,5
./img_align_celeba/001609.jpg,9
./img_align_celeba/001610.jpg,9
./img_align_celeba/001611.jpg,4
./img_align_celeba/001612.jpg,2
./img_align_celeba/001613.jpg,1
./img_align_celeba/001614.jpg,5
./img_align_celeba/001615.jpg,5
./img_align_celeba/001616.jpg,4
./img_align_celeba/001617.jpg,7
./img_align_celeba/001618.jpg,7
./img_align_celeba/001619.jpg,9
./img_align_celeba/001620.jpg,6
./img_align_celeba/001621.jpg,9
./img_align_celeba/001622.jpg,4
./img_align_celeba/001623.jpg,5
./img_align_celeba/001624.jpg,6
./img_align_celeba/001625.jpg,2
./img_align_celeba/001626.jpg,7
./img_align_celeba/001627.jpg,8
./img_align_celeba/001628.jpg,9
./img_align_celeba/001629.jpg,8
./img_align_celeba/001630.jpg,7
./img_align_celeba/001631.jpg,6
./img_align_celeba/001632.jpg,7
./img_align_celeba/001633.jpg,4
./img_align_celeba/001634.jpg,1
./img_align_celeba/001635.jpg,3
./img_align_celeba/001636.jpg,3
./img_align_celeba/001637.jpg,5
./img_align_celeba/001638.jpg,6
./img_align_celeba/001639.jpg,7
./img_align_celeba/001640.jpg,6
./img_align_celeba/001641.jpg,6
./img_align_celeba/001642.jpg,7
./img_align_celeba/001643.jpg,7
./img_align_celeba/001644.jpg,8
./img_align_celeba/001645.jpg,8
./img_align_celeba/001646.jpg,7
./img_align_celeba/001647.jpg,8
./img_align_celeba/001648.jpg,7
./img_align_celeba/001649.jpg,7
./img_align_celeba/001650.jpg,7
./img_align_celeba/001651.jpg,6
./img_align_celeba/001652.jpg,2
./img_align_celeba/001653.jpg,6
./img_align_celeba/001654.jpg,6
./img_align_celeba/001655.jpg,5
./img_align_celeba/001656.jpg,3
./img_align_celeba/001657.jpg,4
./img_align_celeba/001658.jpg,9
./img_align_celeba/001659.jpg,7
./img_align_celeba/001660.jpg,6
./img_align_celeba/001661.jpg,4
./img_align_celeba/001662.jpg,7
./img_align_celeba/001663.jpg,7
./img_align_celeba/001664.jpg,8
./img_align_celeba/001665.jpg,7
./img_align_celeba/001666.jpg,7
./img_align_celeba/001667.jpg,6
./img_align_celeba/001668.jpg,7
./img_align_celeba/001669.jpg,4
./img_align_celeba/001670.jpg,7
./img_align_celeba/001671.jpg,7
./img_align_celeba/001672.jpg,8
./img_align_celeba/001673.jpg,7
./img_align_celeba/001674.jpg,6
./img_align_celeba/001675.jpg,7
./img_align_celeba/001676.jpg,7
./img_align_celeba/001677.jpg,7
./img_align_celeba/001678.jpg,4
./img_align_celeba/001679.jpg,2
./img_align_celeba/001680.jpg,7
./img_align_celeba/001681.jpg,7
./img_align_celeba/001682.jpg,7
./img_align_celeba/001683.jpg,8
./img_align_celeba/001684.jpg,6
./img_align_celeba/001685.jpg,7
./img_align_celeba/001686.jpg,6
./img_align_celeba/001687.jpg,8
./img_align_celeba/001688.jpg,7
./img_align_celeba/001689.jpg,3
./img_align_celeba/001690.jpg,6
./img_align_celeba/001691.jpg,6
./img_align_celeba/001692.jpg,6
./img_align_celeba/001693.jpg,7
./img_align_celeba/001694.jpg,2
./img_align_celeba/001695.jpg,5
./img_align_celeba/001696.jpg,5
./img_align_celeba/001697.jpg,9
./img_align_celeba/001698.jpg,7
./img_align_celeba/001699.jpg,7
./img_align_celeba/001700.jpg,6
./img_align_celeba/001701.jpg,4
./img_align_celeba/001702.jpg,8
./img_align_celeba/001703.jpg,1
./img_align_celeba/001704.jpg,7
./img_align_celeba/001705.jpg,8
./img_align_celeba/001706.jpg,3
./img_align_celeba/001707.jpg,7
./img_align_celeba/001708.jpg,7
./img_align_celeba/001709.jpg,7
./img_align_celeba/001710.jpg,6
./img_align_celeba/001711.jpg,1
./img_align_celeba/001712.jpg,2
./img_align_celeba/001713.jpg,7
./img_align_celeba/001714.jpg,5
./img_align_celeba/001715.jpg,6
./img_align_celeba/001716.jpg,3
./img_align_celeba/001717.jpg,1
./img_align_celeba/001718.jpg,3
./img_align_celeba/001719.jpg,6
./img_align_celeba/001720.jpg,5
./img_align_celeba/001721.jpg,6
./img_align_celeba/001722.jpg,6
./img_align_celeba/001723.jpg,7
./img_align_celeba/001724.jpg,8
./img_align_celeba/001725.jpg,7
./img_align_celeba/001726.jpg,7
./img_align_celeba/001727.jpg,6
./img_align_celeba/001728.jpg,5
./img_align_celeba/001729.jpg,7
./img_align_celeba/001730.jpg,4
./img_align_celeba/001731.jpg,6
./img_align_celeba/001732.jpg,5
./img_align_celeba/001733.jpg,7
./img_align_celeba/001734.jpg,7
./img_align_celeba/001735.jpg,6
./img_align_celeba/001736.jpg,6
./img_align_celeba/001737.jpg,9
./img_align_celeba/001738.jpg,6
./img_align_celeba/001739.jpg,7
./img_align_celeba/001740.jpg,3
./img_align_celeba/001741.jpg,1
./img_align_celeba/001742.jpg,1
./img_align_celeba/001743.jpg,8
./img_align_celeba/001744.jpg,8
./img_align_celeba/001745.jpg,7
./img_align_celeba/001746.jpg,9
./img_align_celeba/001747.jpg,7
./img_align_celeba/001748.jpg,6
./img_align_celeba/001749.jpg,6
./img_align_celeba/001750.jpg,3
./img_align_celeba/001751.jpg,4
./img_align_celeba/001752.jpg,9
./img_align_celeba/001753.jpg,4
./img_align_celeba/001754.jpg,3
./img_align_celeba/001755.jpg,3
./img_align_celeba/001756.jpg,5
./img_align_celeba/001757.jpg,1
./img_align_celeba/001758.jpg,6
./img_align_celeba/001759.jpg,1
./img_align_celeba/001760.jpg,10
./img_align_celeba/001761.jpg,5
./img_align_celeba/001762.jpg,6
./img_align_celeba/001763.jpg,8
./img_align_celeba/001764.jpg,8
./img_align_celeba/001765.jpg,5
./img_align_celeba/001766.jpg,3
./img_align_celeba/001767.jpg,4
./img_align_celeba/001768.jpg,4
./img_align_celeba/001769.jpg,9
./img_align_celeba/001770.jpg,7
./img_align_celeba/001771.jpg,7
./img_align_celeba/001772.jpg,7
./img_align_celeba/001773.jpg,6
./img_align_celeba/001774.jpg,7
./img_align_celeba/001775.jpg,6
./img_align_celeba/001776.jpg,6
./img_align_celeba/001777.jpg,7
./img_align_celeba/001778.jpg,6
./img_align_celeba/001779.jpg,7
./img_align_celeba/001780.jpg,3
./img_align_celeba/001781.jpg,5
./img_align_celeba/001782.jpg,7
./img_align_celeba/001783.jpg,9
./img_align_celeba/001784.jpg,8
./img_align_celeba/001785.jpg,6
./img_align_celeba/001786.jpg,7
./img_align_celeba/001787.jpg,7
./img_align_celeba/001788.jpg,7
./img_align_celeba/001789.jpg,7
./img_align_celeba/001790.jpg,7
./img_align_celeba/001791.jpg,7
./img_align_celeba/001792.jpg,7
./img_align_celeba/001793.jpg,7
./img_align_celeba/001794.jpg,7
./img_align_celeba/001795.jpg,7
./img_align_celeba/001796.jpg,8
./img_align_celeba/001797.jpg,7
./img_align_celeba/001798.jpg,8
./img_align_celeba/001799.jpg,7
./img_align_celeba/001800.jpg,6
./img_align_celeba/001801.jpg,7
./img_align_celeba/001802.jpg,8
./img_align_celeba/001803.jpg,8
./img_align_celeba/001804.jpg,6
./img_align_celeba/001805.jpg,6
./img_align_celeba/001806.jpg,6
./img_align_celeba/001807.jpg,7
./img_align_celeba/001808.jpg,5
./img_align_celeba/001809.jpg,7
./img_align_celeba/001810.jpg,6
./img_align_celeba/001811.jpg,8
./img_align_celeba/001812.jpg,7
./img_align_celeba/001813.jpg,6
./img_align_celeba/001814.jpg,1
./img_align_celeba/001815.jpg,6
./img_align_celeba/001816.jpg,6
./img_align_celeba/001817.jpg,8
./img_align_celeba/001818.jpg,9
./img_align_celeba/001819.jpg,1
./img_align_celeba/001820.jpg,7
./img_align_celeba/001821.jpg,7
./img_align_celeba/001822.jpg,4
./img_align_celeba/001823.jpg,5
./img_align_celeba/001824.jpg,8
./img_align_celeba/001825.jpg,5
./img_align_celeba/001826.jpg,6
./img_align_celeba/001827.jpg,6
./img_align_celeba/001828.jpg,5
./img_align_celeba/001829.jpg,6
./img_align_celeba/001830.jpg,6
./img_align_celeba/001831.jpg,5
./img_align_celeba/001832.jpg,4
./img_align_celeba/001833.jpg,3
./img_align_celeba/001834.jpg,7
./img_align_celeba/001835.jpg,7
./img_align_celeba/001836.jpg,6
./img_align_celeba/001837.jpg,6
./img_align_celeba/001838.jpg,6
./img_align_celeba/001839.jpg,7
./img_align_celeba/001840.jpg,6
./img_align_celeba/001841.jpg,7
./img_align_celeba/001842.jpg,7
./img_align_celeba/001843.jpg,8
./img_align_celeba/001844.jpg,8
./img_align_celeba/001845.jpg,4
./img_align_celeba/001846.jpg,3
./img_align_celeba/001847.jpg,7
./img_align_celeba/001848.jpg,7
./img_align_celeba/001849.jpg,7
./img_align_celeba/001850.jpg,8
./img_align_celeba/001851.jpg,7
./img_align_celeba/001852.jpg,4
./img_align_celeba/001853.jpg,7
./img_align_celeba/001854.jpg,6
./img_align_celeba/001855.jpg,7
./img_align_celeba/001856.jpg,6
./img_align_celeba/001857.jpg,7
./img_align_celeba/001858.jpg,4
./img_align_celeba/001859.jpg,2
./img_align_celeba/001860.jpg,6
./img_align_celeba/001861.jpg,7
./img_align_celeba/001862.jpg,6
./img_align_celeba/001863.jpg,4
./img_align_celeba/001864.jpg,8
./img_align_celeba/001865.jpg,7
./img_align_celeba/001866.jpg,4
./img_align_celeba/001867.jpg,7
./img_align_celeba/001868.jpg,7
./img_align_celeba/001869.jpg,7
./img_align_celeba/001870.jpg,6
./img_align_celeba/001871.jpg,7
./img_align_celeba/001872.jpg,8
./img_align_celeba/001873.jpg,6
./img_align_celeba/001874.jpg,5
./img_align_celeba/001875.jpg,6
./img_align_celeba/001876.jpg,6
./img_align_celeba/001877.jpg,7
./img_align_celeba/001878.jpg,2
./img_align_celeba/001879.jpg,4
./img_align_celeba/001880.jpg,7
./img_align_celeba/001881.jpg,7
./img_align_celeba/001882.jpg,1
./img_align_celeba/001883.jpg,8
./img_align_celeba/001884.jpg,7
./img_align_celeba/001885.jpg,7
./img_align_celeba/001886.jpg,7
./img_align_celeba/001887.jpg,9
./img_align_celeba/001888.jpg,6
./img_align_celeba/001889.jpg,5
./img_align_celeba/001890.jpg,4
./img_align_celeba/001891.jpg,8
./img_align_celeba/001892.jpg,7
./img_align_celeba/001893.jpg,7
./img_align_celeba/001894.jpg,3
./img_align_celeba/001895.jpg,2
./img_align_celeba/001896.jpg,5
./img_align_celeba/001897.jpg,6
./img_align_celeba/001898.jpg,8
./img_align_celeba/001899.jpg,7
./img_align_celeba/001900.jpg,6
./img_align_celeba/001901.jpg,7
./img_align_celeba/001902.jpg,7
./img_align_celeba/001903.jpg,7
./img_align_celeba/001904.jpg,6
./img_align_celeba/001905.jpg,4
./img_align_celeba/001906.jpg,5
./img_align_celeba/001907.jpg,6
./img_align_celeba/001908.jpg,7
./img_align_celeba/001909.jpg,8
./img_align_celeba/001910.jpg,7
./img_align_celeba/001911.jpg,4
./img_align_celeba/001912.jpg,4
./img_align_celeba/001913.jpg,7
./img_align_celeba/001914.jpg,6
./img_align_celeba/001915.jpg,5
./img_align_celeba/001916.jpg,6
./img_align_celeba/001917.jpg,3
./img_align_celeba/001918.jpg,4
./img_align_celeba/001919.jpg,5
./img_align_celeba/001920.jpg,3
./img_align_celeba/001921.jpg,5
./img_align_celeba/001922.jpg,7
./img_align_celeba/001923.jpg,7
./img_align_celeba/001924.jpg,3
./img_align_celeba/001925.jpg,6
./img_align_celeba/001926.jpg,1
./img_align_celeba/001927.jpg,6
./img_align_celeba/001928.jpg,5
./img_align_celeba/001929.jpg,5
./img_align_celeba/001930.jpg,1
./img_align_celeba/001931.jpg,5
./img_align_celeba/001932.jpg,5
./img_align_celeba/001933.jpg,6
./img_align_celeba/001934.jpg,5
./img_align_celeba/001935.jpg,4
./img_align_celeba/001936.jpg,1
./img_align_celeba/001937.jpg,4
./img_align_celeba/001938.jpg,4
./img_align_celeba/001939.jpg,5
./img_align_celeba/001940.jpg,6
./img_align_celeba/001941.jpg,7
./img_align_celeba/001942.jpg,7
./img_align_celeba/001943.jpg,8
./img_align_celeba/001944.jpg,7
./img_align_celeba/001945.jpg,6
./img_align_celeba/001946.jpg,6
./img_align_celeba/001947.jpg,6
./img_align_celeba/001948.jpg,6
./img_align_celeba/001949.jpg,6
./img_align_celeba/001950.jpg,7
./img_align_celeba/001951.jpg,7
./img_align_celeba/001952.jpg,7
./img_align_celeba/001953.jpg,7
./img_align_celeba/001954.jpg,7
./img_align_celeba/001955.jpg,8
./img_align_celeba/001956.jpg,7
./img_align_celeba/001957.jpg,7
./img_align_celeba/001958.jpg,6
./img_align_celeba/001959.jpg,5
./img_align_celeba/001960.jpg,6
./img_align_celeba/001961.jpg,6
./img_align_celeba/001962.jpg,7
./img_align_celeba/001963.jpg,6
./img_align_celeba/001964.jpg,6
./img_align_celeba/001965.jpg,5
./img_align_celeba/001966.jpg,7
./img_align_celeba/001967.jpg,4
./img_align_celeba/001968.jpg,3
./img_align_celeba/001969.jpg,3
./img_align_celeba/001970.jpg,4
./img_align_celeba/001971.jpg,1
./img_align_celeba/001972.jpg,3
./img_align_celeba/001973.jpg,4
./img_align_celeba/001974.jpg,3
./img_align_celeba/001975.jpg,2
./img_align_celeba/001976.jpg,4
./img_align_celeba/001977.jpg,2
./img_align_celeba/001978.jpg,1
./img_align_celeba/001979.jpg,9
./img_align_celeba/001980.jpg,2
./img_align_celeba/001981.jpg,6
./img_align_celeba/001982.jpg,1
./img_align_celeba/001983.jpg,7
./img_align_celeba/001984.jpg,7
./img_align_celeba/001985.jpg,6
./img_align_celeba/001986.jpg,1
./img_align_celeba/001987.jpg,6
./img_align_celeba/001988.jpg,6
./img_align_celeba/001989.jpg,8
./img_align_celeba/001990.jpg,8
./img_align_celeba/001991.jpg,10
./img_align_celeba/001992.jpg,9
./img_align_celeba/001993.jpg,7
./img_align_celeba/001994.jpg,6
./img_align_celeba/001995.jpg,7
./img_align_celeba/001996.jpg,6
./img_align_celeba/001997.jpg,4
./img_align_celeba/001998.jpg,4
./img_align_celeba/001999.jpg,2
./img_align_celeba/002000.jpg,2